filename,width,height,class,xmin,ymin,xmax,ymax
cocci-27_jpg.rf.29bafc6bc0263d0717a41c42df0a39c9.jpg,416,416,cocci,183,60,281,293
cocci-27_jpg.rf.29bafc6bc0263d0717a41c42df0a39c9.jpg,416,416,cocci,157,317,235,416
cocci-14_jpg.rf.75c4f156744940c93bf3743d8e1a86ac.jpg,416,416,cocci,16,161,416,284
cocci-20_jpg.rf.6c05bdf53a48a32b9c09e9d7122a6de2.jpg,416,416,cocci,33,111,411,308
healthy-2_jpg.rf.372476b37d7639b257bf225df1b0e479.jpg,416,416,healthy,171,169,218,269
healthy-14_jpg.rf.3167de9bdf91d7e1d4b926c0703ea33a.jpg,416,416,healthy,157,191,259,273
healthy-1_jpg.rf.2d2b8e795b76e89a61b1b2a13eb48fcb.jpg,416,416,healthy,155,114,261,264
cocci-11_jpg.rf.69f2e8fa0116c9c1c22d7802551d8bf3.jpg,416,416,cocci,63,114,236,272
healthy-20_jpg.rf.50467d9d775fdce3a16ffd54df5d9ec8.jpg,416,416,healthy,146,52,282,320
healthy-13_jpg.rf.51c68f9335c5b2fabe26799c61e4c37c.jpg,416,416,healthy,83,121,207,250
healthy-12_jpg.rf.4e7953a9fa372b8d0661b64f7e2cab18.jpg,416,416,healthy,194,182,245,269
healthy-18_jpg.rf.7b6be9586b746999f94fa0145ea331f8.jpg,416,416,healthy,210,194,251,271
healthy-21_jpg.rf.6bcc9a97ad1df414b9f0464dfc57d34a.jpg,416,416,healthy,198,138,334,351
cocci-16_jpg.rf.749157a34c2628ba6037b1052939a2bc.jpg,416,416,cocci,70,32,362,236
cocci-16_jpg.rf.749157a34c2628ba6037b1052939a2bc.jpg,416,416,cocci,126,0,308,31
cocci-7_jpg.rf.7e0a37057b8d219e8762bba62a50f0d1.jpg,416,416,cocci,0,0,414,416
cocci-7_jpg.rf.7e0a37057b8d219e8762bba62a50f0d1.jpg,416,416,cocci,33,93,349,335
cocci-8_jpg.rf.2ff770830507b0e0e9c101ba9bc9a1a0.jpg,416,416,cocci,199,76,364,385
cocci-18_jpg.rf.344b931f32b88482d561f6be51b8b5e8.jpg,416,416,cocci,4,129,398,286
healthy-11_jpg.rf.351abc2f0ebed4635ad494776ab297da.jpg,416,416,healthy,148,174,203,274
healthy-11_jpg.rf.351abc2f0ebed4635ad494776ab297da.jpg,416,416,healthy,170,278,230,367
cocci-17_jpg.rf.821586c899422e66553eed3f1b7817cf.jpg,416,416,cocci,77,140,309,258
cocci-17_jpg.rf.821586c899422e66553eed3f1b7817cf.jpg,416,416,cocci,278,257,348,289
cocci-0_jpg.rf.23cf95be79f1219be3821e5f13c3a553.jpg,416,416,cocci,12,6,344,414
healthy-27_jpg.rf.81c4549be14d8fc80fcbb647afc48a3d.jpg,416,416,healthy,142,51,305,255
healthy-10_jpg.rf.9b21a53c54dabed2dd4d3c2ce6379626.jpg,416,416,healthy,185,95,263,229
cocci-24_jpg.rf.a01d2c861f781d5a0504511cdddd5a98.jpg,416,416,cocci,0,75,386,396
cocci-25_jpg.rf.9c8deafa68497c17482f8ff8a9673150.jpg,416,416,cocci,43,99,416,308
cocci-2_jpg.rf.a1c04bac46c198221c2e5025c058cbd1.jpg,416,416,cocci,88,0,312,416
cocci-26_jpg.rf.ab3b78b2b82bf27ee4eeb2391dc44c4d.jpg,416,416,cocci,109,123,280,297
healthy-17_jpg.rf.ae2c55003ae4ef774312a66fb2fec8cc.jpg,416,416,healthy,119,135,239,191
healthy-19_jpg.rf.b3b59c74ed7dd44e4874f1e603192181.jpg,416,416,healthy,176,121,216,253
healthy-19_jpg.rf.b3b59c74ed7dd44e4874f1e603192181.jpg,416,416,healthy,230,207,257,249
healthy-4_jpg.rf.c0c7c5d91ccd518aefd86cf0c69babf6.jpg,416,416,healthy,184,96,235,210
cocci-22_jpg.rf.d8108ed65c27f5aaf2a55bd864101a10.jpg,416,416,cocci,174,102,313,276
cocci-15_jpg.rf.c995c659dde86b5d0c0570aff1e57368.jpg,416,416,cocci,0,108,314,347
cocci-13_jpg.rf.dbe02c86caf5a337b16069a83c08fd1e.jpg,416,416,cocci,1,219,66,328
cocci-13_jpg.rf.dbe02c86caf5a337b16069a83c08fd1e.jpg,416,416,cocci,31,84,266,241
cocci-13_jpg.rf.dbe02c86caf5a337b16069a83c08fd1e.jpg,416,416,cocci,0,0,148,83
cocci-9_jpg.rf.c5d91d2a13abdcd3d9106b3806d66f79.jpg,416,416,cocci,2,0,415,270
cocci-3_jpg.rf.e1659d991d7a1bb684642ca7a38ae62d.jpg,416,416,cocci,51,113,415,311
healthy-24_jpg.rf.de2aeaa9a2bd642226dca9f68108adc3.jpg,416,416,healthy,182,172,248,267
cocci-21_jpg.rf.e98c31839ec352ebec04a7f9edc00423.jpg,416,416,cocci,0,88,342,277
healthy-22_jpg.rf.b45907bda057cdf1b3b24d80c13b68bc.jpg,416,416,healthy,145,51,292,293
healthy-16_jpg.rf.fa8b8a363ef94e993e482bca0fd94c2e.jpg,416,416,healthy,119,80,309,304
cocci-5_jpg.rf.f9ba4626e17e50452a148e9ca142c6f7.jpg,416,416,cocci,12,138,353,273
healthy-0_jpg.rf.ec992d674b50c85fb7b987678e539dfb.jpg,416,416,healthy,191,189,262,279